Date,S&P 500,Systematic Value Index
2007-03-30,1000,1000
2007-04-02,1001,1002
2007-04-03,1012,1011
2007-04-04,1013,1012
2007-04-05,1016,1013
2007-04-09,1017,1017
2007-04-10,1018,1024
2007-04-11,1014,1017
2007-04-12,1019,1028
2007-04-13,1023,1028
2007-04-16,1033,1044
2007-04-17,1036,1041
2007-04-18,1037,1043
2007-04-19,1037,1040
2007-04-20,1047,1054
2007-04-23,1043,1058
2007-04-24,1043,1051
2007-04-25,1053,1071
2007-04-26,1054,1069
2007-04-27,1053,1065
2007-04-30,1044,1049
2007-05-01,1047,1052
2007-05-02,1053,1059
2007-05-03,1059,1067
2007-05-04,1063,1078
2007-05-07,1063,1076
2007-05-08,1062,1072
2007-05-09,1065,1077
2007-05-10,1053,1061
2007-05-11,1062,1078
2007-05-14,1060,1077
2007-05-15,1060,1071
2007-05-16,1068,1081
2007-05-17,1065,1089
2007-05-18,1075,1104
2007-05-21,1074,1109
2007-05-22,1073,1111
2007-05-23,1074,1110
2007-05-24,1064,1094
2007-05-25,1068,1102
2007-05-29,1072,1105
2007-05-30,1081,1124
2007-05-31,1080,1121
2007-06-01,1085,1129
2007-06-04,1085,1136
2007-06-05,1081,1134
2007-06-06,1069,1125
2007-06-07,1050,1099
2007-06-08,1064,1117
2007-06-11,1065,1121
2007-06-12,1054,1115
2007-06-13,1070,1134
2007-06-14,1076,1130
2007-06-15,1083,1138
2007-06-18,1081,1141
2007-06-19,1084,1143
2007-06-20,1069,1121
2007-06-21,1075,1131
2007-06-22,1065,1116
2007-06-25,1060,1098
2007-06-26,1049,1077
2007-06-27,1064,1092
2007-06-28,1064,1089
2007-06-29,1064,1091
2007-07-02,1074,1105
2007-07-03,1077,1119
2007-07-05,1076,1114
2007-07-06,1082,1123
2007-07-09,1083,1132
2007-07-10,1067,1118
2007-07-11,1075,1121
2007-07-12,1092,1142
2007-07-13,1095,1152
2007-07-16,1095,1137
2007-07-17,1094,1131
2007-07-18,1093,1134
2007-07-19,1097,1128
2007-07-20,1086,1106
2007-07-23,1089,1101
2007-07-24,1070,1066
2007-07-25,1072,1078
2007-07-26,1047,1042
2007-07-27,1026,1025
2007-07-30,1042,1041
2007-07-31,1031,1020
2007-08-01,1036,1019
2007-08-02,1044,1017
2007-08-03,1017,980
2007-08-06,1034,999
2007-08-07,1045,1013
2007-08-08,1060,1026
2007-08-09,1028,989
2007-08-10,1023,992
2007-08-13,1027,987
2007-08-14,1011,962
2007-08-15,998,936
2007-08-16,1005,940
2007-08-17,1023,966
2007-08-20,1023,963
2007-08-21,1025,963
2007-08-22,1037,973
2007-08-23,1036,977
2007-08-24,1049,991
2007-08-27,1039,983
2007-08-28,1016,954
2007-08-29,1036,976
2007-08-30,1034,971
2007-08-31,1044,989
2007-09-04,1054,1011
2007-09-05,1045,1002
2007-09-06,1048,1010
2007-09-07,1033,1000
2007-09-10,1031,1002
2007-09-11,1043,1010
2007-09-12,1046,1013
2007-09-13,1053,1028
2007-09-14,1053,1034
2007-09-17,1047,1027
2007-09-18,1078,1070
2007-09-19,1085,1084
2007-09-20,1077,1079
2007-09-21,1080,1095
2007-09-24,1078,1091
2007-09-25,1076,1082
2007-09-26,1081,1091
2007-09-27,1088,1101
2007-09-28,1084,1099
2007-10-01,1096,1117
2007-10-02,1095,1120
2007-10-03,1093,1112
2007-10-04,1094,1112
2007-10-05,1107,1121
2007-10-08,1102,1117
2007-10-09,1112,1151
2007-10-10,1110,1151
2007-10-11,1105,1135
2007-10-12,1111,1147
2007-10-15,1102,1142
2007-10-16,1093,1136
2007-10-17,1096,1136
2007-10-18,1092,1140
2007-10-19,1064,1097
2007-10-22,1070,1099
2007-10-23,1078,1103
2007-10-24,1076,1105
2007-10-25,1079,1117
2007-10-26,1092,1149
2007-10-29,1095,1166
2007-10-30,1088,1143
2007-10-31,1099,1174
2007-11-01,1073,1141
2007-11-02,1074,1131
2007-11-05,1066,1106
2007-11-06,1081,1130
2007-11-07,1051,1095
2007-11-08,1046,1091
2007-11-09,1031,1082
2007-11-12,1021,1052
2007-11-13,1052,1099
2007-11-14,1049,1099
2007-11-15,1034,1075
2007-11-16,1036,1080
2007-11-19,1022,1061
2007-11-20,1028,1066
2007-11-21,1007,1040
2007-11-23,1024,1068
2007-11-26,1002,1034
2007-11-27,1013,1038
2007-11-28,1046,1075
2007-11-29,1046,1074
2007-11-30,1056,1083
2007-12-03,1049,1084
2007-12-04,1040,1059
2007-12-05,1057,1076
2007-12-06,1073,1104
2007-12-07,1072,1096
2007-12-10,1081,1112
2007-12-11,1051,1072
2007-12-12,1061,1092
2007-12-13,1059,1089
2007-12-14,1046,1085
2007-12-17,1031,1069
2007-12-18,1037,1066
2007-12-19,1037,1075
2007-12-20,1043,1080
2007-12-21,1058,1110
2007-12-24,1066,1123
2007-12-26,1068,1133
2007-12-27,1055,1119
2007-12-28,1052,1122
2007-12-31,1045,1121
2008-01-02,1035,1108
2008-01-03,1035,1103
2008-01-04,1010,1070
2008-01-07,1009,1053
2008-01-08,992,1030
2008-01-09,1003,1045
2008-01-10,1009,1054
2008-01-11,1001,1048
2008-01-14,1009,1066
2008-01-15,987,1025
2008-01-16,979,1014
2008-01-17,953,977
2008-01-18,943,974
2008-01-22,934,968
2008-01-23,956,985
2008-01-24,964,1006
2008-01-25,950,989
2008-01-28,966,1012
2008-01-29,971,1021
2008-01-30,964,1027
2008-01-31,981,1034
2008-02-01,997,1059
2008-02-04,985,1042
2008-02-05,958,997
2008-02-06,950,982
2008-02-07,957,998
2008-02-08,951,1004
2008-02-11,955,1016
2008-02-12,964,1003
2008-02-13,974,1017
2008-02-14,966,1009
2008-02-15,965,1010
2008-02-19,968,1018
2008-02-20,971,1036
2008-02-21,963,1016
2008-02-22,969,1027
2008-02-25,981,1044
2008-02-26,988,1048
2008-02-27,987,1057
2008-02-28,978,1058
2008-02-29,956,1023
2008-03-03,954,1020
2008-03-04,950,1006
2008-03-05,956,1019
2008-03-06,936,991
2008-03-07,927,983
2008-03-10,914,968
2008-03-11,947,1005
2008-03-12,938,997
2008-03-13,940,1009
2008-03-14,926,983
2008-03-17,917,951
2008-03-18,955,1022
2008-03-19,931,968
2008-03-20,948,997
2008-03-24,967,1007
2008-03-25,968,1013
2008-03-26,956,1021
2008-03-27,953,999
2008-03-28,944,989
2008-03-31,947,995
2008-04-01,981,1035
2008-04-02,981,1041
2008-04-03,984,1039
2008-04-04,983,1045
2008-04-07,983,1052
2008-04-08,982,1055
2008-04-09,975,1046
2008-04-10,977,1041
2008-04-11,958,1019
2008-04-14,954,1027
2008-04-15,957,1031
2008-04-16,982,1062
2008-04-17,984,1066
2008-04-18,994,1101
2008-04-21,995,1112
2008-04-22,990,1109
2008-04-23,989,1100
2008-04-24,993,1105
2008-04-25,1002,1123
2008-04-28,1002,1117
2008-04-29,998,1106
2008-04-30,993,1103
2008-05-01,1013,1111
2008-05-02,1016,1125
2008-05-05,1011,1125
2008-05-06,1020,1148
2008-05-07,1002,1122
2008-05-08,999,1127
2008-05-09,997,1121
2008-05-12,1008,1131
2008-05-13,1009,1137
2008-05-14,1011,1127
2008-05-15,1023,1137
2008-05-16,1024,1154
2008-05-19,1027,1152
2008-05-20,1019,1154
2008-05-21,1001,1133
2008-05-22,1002,1125
2008-05-23,988,1099
2008-05-27,995,1098
2008-05-28,1000,1111
2008-05-29,1005,1100
2008-05-30,1008,1108
2008-06-02,997,1104
2008-06-03,991,1090
2008-06-04,991,1084
2008-06-05,1011,1120
2008-06-06,978,1090
2008-06-09,981,1100
2008-06-10,976,1088
2008-06-11,962,1081
2008-06-12,965,1083
2008-06-13,977,1115
2008-06-16,978,1125
2008-06-17,973,1132
2008-06-18,964,1137
2008-06-19,965,1135
2008-06-20,949,1119
2008-06-23,948,1134
2008-06-24,947,1124
2008-06-25,951,1118
2008-06-26,925,1093
2008-06-27,920,1097
2008-06-30,923,1101
2008-07-01,926,1108
2008-07-02,910,1086
2008-07-03,911,1079
2008-07-07,902,1042
2008-07-08,918,1044
2008-07-09,900,1011
2008-07-10,904,1027
2008-07-11,894,1006
2008-07-14,885,1000
2008-07-15,873,974
2008-07-16,894,1001
2008-07-17,903,1012
2008-07-18,909,1022
2008-07-21,909,1038
2008-07-22,920,1043
2008-07-23,925,1021
2008-07-24,906,997
2008-07-25,905,997
2008-07-28,892,986
2008-07-29,911,1000
2008-07-30,927,1043
2008-07-31,915,1024
2008-08-01,910,1019
2008-08-04,902,979
2008-08-05,926,993
2008-08-06,930,1010
2008-08-07,916,982
2008-08-08,933,987
2008-08-11,943,997
2008-08-12,933,970
2008-08-13,928,984
2008-08-14,935,983
2008-08-15,939,969
2008-08-18,926,952
2008-08-19,916,960
2008-08-20,921,978
2008-08-21,922,983
2008-08-22,935,980
2008-08-25,916,965
2008-08-26,919,978
2008-08-27,928,986
2008-08-28,939,994
2008-08-29,929,992
2008-09-02,923,970
2008-09-03,923,972
2008-09-04,895,946
2008-09-05,898,953
2008-09-08,916,965
2008-09-09,889,908
2008-09-10,893,918
2008-09-11,906,932
2008-09-12,910,940
2008-09-15,866,855
2008-09-16,881,868
2008-09-17,841,808
2008-09-18,866,810
2008-09-19,901,896
2008-09-22,880,858
2008-09-23,860,853
2008-09-24,863,871
2008-09-25,877,889
2008-09-26,877,878
2008-09-29,808,777
2008-09-30,842,821
2008-10-01,842,821
2008-10-02,812,771
2008-10-03,801,761
2008-10-06,760,729
2008-10-07,726,671
2008-10-08,708,668
2008-10-09,658,598
2008-10-10,642,552
2008-10-13,735,659
2008-10-14,725,682
2008-10-15,653,594
2008-10-16,680,617
2008-10-17,676,620
2008-10-20,717,669
2008-10-21,696,656
2008-10-22,658,603
2008-10-23,665,602
2008-10-24,632,569
2008-10-27,609,529
2008-10-28,680,567
2008-10-29,675,586
2008-10-30,699,593
2008-10-31,703,605
2008-11-03,705,586
2008-11-04,729,620
2008-11-05,698,589
2008-11-06,659,554
2008-11-07,681,562
2008-11-10,672,551
2008-11-11,651,542
2008-11-12,623,498
2008-11-13,662,544
2008-11-14,629,519
2008-11-17,620,498
2008-11-18,632,502
2008-11-19,591,463
2008-11-20,548,409
2008-11-21,577,444
2008-11-24,617,505
2008-11-25,622,516
2008-11-26,646,553
2008-11-28,654,555
2008-12-01,596,482
2008-12-02,619,491
2008-12-03,634,502
2008-12-04,619,475
2008-12-05,638,484
2008-12-08,660,519
2008-12-09,649,512
2008-12-10,654,526
2008-12-11,638,519
2008-12-12,646,512
2008-12-15,637,509
2008-12-16,667,548
2008-12-17,660,556
2008-12-18,648,538
2008-12-19,645,548
2008-12-22,637,526
2008-12-23,630,521
2008-12-24,634,524
2008-12-26,638,528
2008-12-29,636,536
2008-12-30,651,555
2008-12-31,660,565
2009-01-02,680,592
2009-01-05,679,607
2009-01-06,684,615
2009-01-07,663,591
2009-01-08,666,599
2009-01-09,652,582
2009-01-12,636,550
2009-01-13,637,557
2009-01-14,617,535
2009-01-15,617,537
2009-01-16,622,538
2009-01-20,589,487
2009-01-21,615,532
2009-01-22,605,525
2009-01-23,608,547
2009-01-26,612,555
2009-01-27,618,561
2009-01-28,639,594
2009-01-29,619,569
2009-01-30,606,555
2009-02-02,604,557
2009-02-03,613,564
2009-02-04,610,580
2009-02-05,619,600
2009-02-06,636,616
2009-02-09,637,622
2009-02-10,608,585
2009-02-11,612,592
2009-02-12,612,594
2009-02-13,605,597
2009-02-17,580,546
2009-02-18,578,540
2009-02-19,572,541
2009-02-20,566,530
2009-02-23,546,503
2009-02-24,567,546
2009-02-25,562,538
2009-02-26,553,540
2009-02-27,541,534
2009-03-02,516,497
2009-03-03,513,490
2009-03-04,525,515
2009-03-05,503,493
2009-03-06,504,478
2009-03-09,498,472
2009-03-10,528,517
2009-03-11,531,533
2009-03-12,552,556
2009-03-13,557,559
2009-03-16,555,552
2009-03-17,572,577
2009-03-18,585,594
2009-03-19,578,591
2009-03-20,565,573
2009-03-23,606,635
2009-03-24,594,622
2009-03-25,600,627
2009-03-26,612,631
2009-03-27,601,609
2009-03-30,581,576
2009-03-31,586,589
2009-04-01,597,601
2009-04-02,615,628
2009-04-03,621,638
2009-04-06,616,628
2009-04-07,602,609
2009-04-08,608,621
2009-04-09,632,641
2009-04-13,632,639
2009-04-14,622,636
2009-04-15,628,634
2009-04-16,637,647
2009-04-17,642,650
2009-04-20,615,617
2009-04-21,627,632
2009-04-22,623,631
2009-04-23,629,637
2009-04-24,639,669
2009-04-27,632,655
2009-04-28,630,650
2009-04-29,644,666
2009-04-30,644,657
2009-05-01,648,670
2009-05-04,670,697
2009-05-05,667,692
2009-05-06,679,712
2009-05-07,669,700
2009-05-08,685,722
2009-05-11,672,704
2009-05-12,670,703
2009-05-13,653,675
2009-05-14,659,680
2009-05-15,654,668
2009-05-18,672,696
2009-05-19,671,701
2009-05-20,667,706
2009-05-21,657,681
2009-05-22,656,680
2009-05-26,673,702
2009-05-27,661,697
2009-05-28,670,716
2009-05-29,682,728
2009-06-01,698,758
2009-06-02,699,750
2009-06-03,690,726
2009-06-04,697,740
2009-06-05,697,737
2009-06-08,694,733
2009-06-09,697,744
2009-06-10,696,748
2009-06-11,699,759
2009-06-12,701,753
2009-06-15,685,734
2009-06-16,675,723
2009-06-17,675,713
2009-06-18,679,712
2009-06-19,682,710
2009-06-22,662,676
2009-06-23,662,681
2009-06-24,668,688
2009-06-25,682,707
2009-06-26,681,706
2009-06-29,687,709
2009-06-30,681,703
2009-07-01,684,700
2009-07-02,665,673
2009-07-06,665,666
2009-07-07,653,654
2009-07-08,652,661
2009-07-09,653,668
2009-07-10,652,665
2009-07-13,668,678
2009-07-14,671,685
2009-07-15,691,709
2009-07-16,690,718
2009-07-17,697,720
2009-07-20,705,736
2009-07-21,708,740
2009-07-22,708,733
2009-07-23,724,755
2009-07-24,727,755
2009-07-27,729,751
2009-07-28,725,748
2009-07-29,724,734
2009-07-30,731,748
2009-07-31,732,750
2009-08-03,744,772
2009-08-04,746,769
2009-08-05,744,760
2009-08-06,740,755
2009-08-07,750,760
2009-08-10,748,760
2009-08-11,739,750
2009-08-12,747,760
2009-08-13,753,767
2009-08-14,747,754
2009-08-17,728,730
2009-08-18,734,742
2009-08-19,741,750
2009-08-20,748,757
2009-08-21,763,778
2009-08-24,763,780
2009-08-25,764,774
2009-08-26,764,774
2009-08-27,766,774
2009-08-28,766,773
2009-08-31,759,758
2009-09-01,742,745
2009-09-02,740,743
2009-09-03,746,752
2009-09-04,756,764
2009-09-08,763,777
2009-09-09,769,783
2009-09-10,776,797
2009-09-11,776,800
2009-09-14,780,801
2009-09-15,783,807
2009-09-16,795,832
2009-09-17,794,831
2009-09-18,795,830
2009-09-21,793,826
2009-09-22,797,837
2009-09-23,791,823
2009-09-24,782,812
2009-09-25,778,807
2009-09-28,792,823
2009-09-29,789,821
2009-09-30,786,818
2009-10-01,767,792
2009-10-02,763,784
2009-10-05,774,798
2009-10-06,786,817
2009-10-07,788,823
2009-10-08,794,840
2009-10-09,799,844
2009-10-12,802,849
2009-10-13,800,848
2009-10-14,814,865
2009-10-15,817,873
2009-10-16,811,869
2009-10-19,817,879
2009-10-20,813,868
2009-10-21,806,863
2009-10-22,814,871
2009-10-23,805,865
2009-10-26,796,854
2009-10-27,792,850
2009-10-28,777,821
2009-10-29,794,846
2009-10-30,771,818
2009-11-02,777,822
2009-11-03,779,831
2009-11-04,781,834
2009-11-05,796,850
2009-11-06,798,849
2009-11-09,816,867
2009-11-10,816,863
2009-11-11,820,864
2009-11-12,812,849
2009-11-13,816,856
2009-11-16,828,873
2009-11-17,829,872
2009-11-18,828,867
2009-11-19,818,847
2009-11-20,815,840
2009-11-23,825,850
2009-11-24,826,852
2009-11-25,829,860
2009-11-27,816,841
2009-11-30,819,842
2009-12-01,829,857
2009-12-02,828,853
2009-12-03,822,842
2009-12-04,826,840
2009-12-07,825,837
2009-12-08,816,823
2009-12-09,819,825
2009-12-10,824,837
2009-12-11,827,837
2009-12-14,833,856
2009-12-15,829,855
2009-12-16,830,859
2009-12-17,820,849
2009-12-18,825,854
2009-12-21,833,867
2009-12-22,836,871
2009-12-23,838,880
2009-12-24,842,885
2009-12-28,844,887
2009-12-29,843,883
2009-12-30,842,881
2009-12-31,834,872
2010-01-04,848,895
2010-01-05,851,902
2010-01-06,851,909
2010-01-07,855,912
2010-01-08,858,921
2010-01-11,859,917
2010-01-12,851,900
2010-01-13,858,909
2010-01-14,860,913
2010-01-15,851,903
2010-01-19,861,915
2010-01-20,852,901
2010-01-21,836,883
2010-01-22,817,859
2010-01-25,822,864
2010-01-26,818,860
2010-01-27,822,864
2010-01-28,813,854
2010-01-29,804,842
2010-02-01,816,858
2010-02-02,826,872
2010-02-03,822,869
2010-02-04,797,835
2010-02-05,798,836
2010-02-08,793,829
2010-02-09,803,844
2010-02-10,801,841
2010-02-11,809,854
2010-02-12,809,850
2010-02-16,821,869
2010-02-17,825,871
2010-02-18,830,878
2010-02-19,832,879
2010-02-22,832,872
2010-02-23,822,859
2010-02-24,830,867
2010-02-25,828,867
2010-02-26,829,870
2010-03-01,838,882
2010-03-02,840,885
2010-03-03,841,887
2010-03-04,843,888
2010-03-05,855,903
2010-03-08,855,904
2010-03-09,857,904
2010-03-10,861,907
2010-03-11,864,909
2010-03-12,864,910
2010-03-15,864,905
2010-03-16,871,915
2010-03-17,877,923
2010-03-18,876,916
2010-03-19,872,909
2010-03-22,876,911
2010-03-23,882,915
2010-03-24,878,910
2010-03-25,877,904
2010-03-26,876,905
2010-03-29,882,917
2010-03-30,882,921
2010-03-31,879,920
2010-04-01,885,931
2010-04-05,893,938
2010-04-06,895,939
2010-04-07,890,934
2010-04-08,893,927
2010-04-09,899,934
2010-04-12,900,932
2010-04-13,901,928
2010-04-14,911,938
2010-04-15,912,938
2010-04-16,897,926
2010-04-19,900,925
2010-04-20,909,933
2010-04-21,907,928
2010-04-22,910,931
2010-04-23,916,948
2010-04-26,912,941
2010-04-27,890,924
2010-04-28,897,932
2010-04-29,908,941
2010-04-30,893,913
2010-05-03,905,926
2010-05-04,883,899
2010-05-05,878,893
2010-05-06,849,863
2010-05-07,836,843
2010-05-10,873,880
2010-05-11,871,873
2010-05-12,883,888
2010-05-13,872,876
2010-05-14,856,856
2010-05-17,856,855
2010-05-18,845,846
2010-05-19,840,839
2010-05-20,808,804
2010-05-21,820,816
2010-05-24,810,810
2010-05-25,810,811
2010-05-26,805,802
2010-05-27,832,831
2010-05-28,822,818
2010-06-01,808,794
2010-06-02,829,832
2010-06-03,832,837
2010-06-04,803,805
2010-06-07,793,788
2010-06-08,801,792
2010-06-09,797,790
2010-06-10,820,812
2010-06-11,824,816
2010-06-14,823,815
2010-06-15,842,837
2010-06-16,841,839
2010-06-17,843,841
2010-06-18,844,841
2010-06-21,841,842
2010-06-22,827,827
2010-06-23,825,826
2010-06-24,811,812
2010-06-25,815,817
2010-06-28,812,808
2010-06-29,787,781
2010-06-30,779,771
2010-07-01,776,767
2010-07-02,772,763
2010-07-06,777,766
2010-07-07,801,787
2010-07-08,809,800
2010-07-09,815,805
2010-07-12,816,799
2010-07-13,828,814
2010-07-14,828,813
2010-07-15,828,816
2010-07-16,805,796
2010-07-19,810,809
2010-07-20,819,815
2010-07-21,809,803
2010-07-22,827,822
2010-07-23,834,827
2010-07-26,842,841
2010-07-27,842,838
2010-07-28,837,830
2010-07-29,833,826
2010-07-30,833,832
2010-08-02,852,849
2010-08-03,847,846
2010-08-04,853,872
2010-08-05,852,873
2010-08-06,849,874
2010-08-09,853,874
2010-08-10,849,868
2010-08-11,825,841
2010-08-12,820,845
2010-08-13,818,845
2010-08-16,818,842
2010-08-17,828,853
2010-08-18,829,854
2010-08-19,815,838
2010-08-20,812,835
2010-08-23,809,831
2010-08-24,797,815
2010-08-25,800,821
2010-08-26,795,811
2010-08-27,807,832
2010-08-30,795,819
2010-08-31,795,813
2010-09-01,819,847
2010-09-02,827,858
2010-09-03,837,870
2010-09-07,828,861
2010-09-08,834,874
2010-09-09,838,876
2010-09-10,842,884
2010-09-13,851,895
2010-09-14,851,895
2010-09-15,854,899
2010-09-16,854,896
2010-09-17,854,898
2010-09-20,867,918
2010-09-21,865,917
2010-09-22,861,912
2010-09-23,854,904
2010-09-24,872,922
2010-09-27,868,914
2010-09-28,871,923
2010-09-29,869,921
2010-09-30,866,919
2010-10-01,870,921
2010-10-04,864,907
2010-10-05,881,932
2010-10-06,881,923
2010-10-07,880,923
2010-10-08,885,935
2010-10-12,888,933
2010-10-13,895,942
2010-10-14,892,937
2010-10-15,894,953
2010-10-18,898,953
2010-10-19,886,935
2010-10-20,895,946
2010-10-21,897,951
2010-10-22,899,962
2010-10-25,901,967
2010-10-26,901,964
2010-10-27,899,963
2010-10-28,899,962
2010-10-29,900,964
2010-11-01,900,967
2010-11-02,907,976
2010-11-03,911,976
2010-11-04,928,980
2010-11-05,932,990
2010-11-08,930,988
2010-11-09,923,992
2010-11-10,927,991
2010-11-11,924,988
2010-11-12,913,975
2010-11-15,911,971
2010-11-16,897,956
2010-11-17,898,960
2010-11-18,911,979
2010-11-19,913,983
2010-11-22,913,989
2010-11-23,899,970
2010-11-24,913,984
2010-11-26,902,977
2010-11-29,905,975
2010-11-30,900,965
2010-12-01,919,985
2010-12-02,930,995
2010-12-03,933,1001
2010-12-06,932,997
2010-12-07,933,991
2010-12-08,936,993
2010-12-09,940,995
2010-12-10,945,1005
2010-12-13,946,1003
2010-12-14,947,1004
2010-12-15,942,992
2010-12-16,948,1003
2010-12-17,949,1008
2010-12-20,951,1011
2010-12-21,957,1014
2010-12-22,960,1019
2010-12-23,959,1017
2010-12-27,959,1012
2010-12-28,960,1006
2010-12-29,961,1009
2010-12-30,960,1007
2010-12-31,960,1003
2011-01-03,970,1015
2011-01-04,969,1006
2011-01-05,974,1017
2011-01-06,972,1022
2011-01-07,970,1023
2011-01-10,969,1019
2011-01-11,973,1027
2011-01-12,981,1035
2011-01-13,980,1037
2011-01-14,987,1046
2011-01-18,989,1057
2011-01-19,979,1038
2011-01-20,978,1032
2011-01-21,980,1030
2011-01-24,985,1036
2011-01-25,986,1037
2011-01-26,990,1047
2011-01-27,992,1050
2011-01-28,975,1027
2011-01-31,982,1032
2011-02-01,998,1048
2011-02-02,996,1051
2011-02-03,998,1054
2011-02-04,1001,1059
2011-02-07,1007,1064
2011-02-08,1012,1066
2011-02-09,1010,1066
2011-02-10,1010,1071
2011-02-11,1016,1071
2011-02-14,1018,1078
2011-02-15,1015,1075
2011-02-16,1022,1079
2011-02-17,1025,1079
2011-02-18,1027,1075
2011-02-22,1006,1052
2011-02-23,1000,1035
2011-02-24,999,1047
2011-02-25,1010,1060
2011-02-28,1016,1060
2011-03-01,999,1044
2011-03-02,1001,1050
2011-03-03,1019,1075
2011-03-04,1011,1071
2011-03-07,1003,1064
2011-03-08,1012,1074
2011-03-09,1010,1075
2011-03-10,992,1053
2011-03-11,999,1072
2011-03-14,993,1066
2011-03-15,981,1057
2011-03-16,963,1039
2011-03-17,976,1053
2011-03-18,979,1052
2011-03-21,994,1070
2011-03-22,991,1064
2011-03-23,994,1069
2011-03-24,1003,1085
2011-03-25,1006,1092
2011-03-28,1004,1084
2011-03-29,1011,1097
2011-03-30,1018,1112
2011-03-31,1016,1110
2011-04-01,1021,1110
2011-04-04,1021,1111
2011-04-05,1021,1115
2011-04-06,1025,1125
2011-04-07,1022,1128
2011-04-08,1018,1120
2011-04-11,1015,1118
2011-04-12,1008,1113
2011-04-13,1008,1115
2011-04-14,1008,1113
2011-04-15,1012,1114
2011-04-18,1001,1104
2011-04-19,1007,1110
2011-04-20,1020,1133
2011-04-21,1025,1133
2011-04-25,1024,1134
2011-04-26,1033,1154
2011-04-27,1040,1158
2011-04-28,1043,1165
2011-04-29,1046,1155
2011-05-02,1044,1154
2011-05-03,1040,1150
2011-05-04,1034,1150
2011-05-05,1024,1144
2011-05-06,1029,1150
2011-05-09,1033,1154
2011-05-10,1041,1161
2011-05-11,1031,1153
2011-05-12,1035,1152
2011-05-13,1027,1144
2011-05-16,1021,1129
2011-05-17,1021,1127
2011-05-18,1030,1138
2011-05-19,1032,1136
2011-05-20,1024,1128
2011-05-23,1012,1115
2011-05-24,1011,1111
2011-05-25,1015,1114
2011-05-26,1019,1123
2011-05-27,1023,1127
2011-05-31,1034,1144
2011-06-01,1011,1123
2011-06-02,1010,1120
2011-06-03,1000,1106
2011-06-06,989,1100
2011-06-07,989,1098
2011-06-08,984,1092
2011-06-09,992,1098
2011-06-10,978,1084
2011-06-13,979,1087
2011-06-14,991,1101
2011-06-15,974,1081
2011-06-16,976,1085
2011-06-17,979,1082
2011-06-20,984,1092
2011-06-21,997,1108
2011-06-22,991,1103
2011-06-23,988,1114
2011-06-24,977,1095
2011-06-27,986,1110
2011-06-28,998,1129
2011-06-29,1007,1128
2011-06-30,1017,1139
2011-07-01,1032,1156
2011-07-05,1031,1154
2011-07-06,1032,1158
2011-07-07,1043,1170
2011-07-08,1035,1166
2011-07-11,1017,1146
2011-07-12,1012,1144
2011-07-13,1016,1147
2011-07-14,1009,1138
2011-07-15,1014,1145
2011-07-18,1006,1141
2011-07-19,1022,1162
2011-07-20,1022,1159
2011-07-21,1036,1165
2011-07-22,1037,1176
2011-07-25,1031,1175
2011-07-26,1027,1179
2011-07-27,1006,1142
2011-07-28,1003,1146
2011-07-29,996,1142
2011-08-01,992,1133
2011-08-02,967,1108
2011-08-03,972,1113
2011-08-04,926,1068
2011-08-05,925,1062
2011-08-08,865,1003
2011-08-09,905,1050
2011-08-10,865,1005
2011-08-11,904,1059
2011-08-12,910,1064
2011-08-15,929,1083
2011-08-16,921,1077
2011-08-17,922,1069
2011-08-18,882,1030
2011-08-19,868,1014
2011-08-22,868,1015
2011-08-23,897,1051
2011-08-24,910,1058
2011-08-25,896,1040
2011-08-26,909,1065
2011-08-29,935,1092
2011-08-30,937,1099
2011-08-31,941,1102
2011-09-01,932,1090
2011-09-02,908,1065
2011-09-06,901,1063
2011-09-07,927,1090
2011-09-08,917,1089
2011-09-09,893,1063
2011-09-12,899,1072
2011-09-13,907,1087
2011-09-14,920,1099
2011-09-15,935,1117
2011-09-16,941,1124
2011-09-19,932,1121
2011-09-20,930,1115
2011-09-21,903,1083
2011-09-22,874,1053
2011-09-23,879,1063
2011-09-26,900,1080
2011-09-27,910,1090
2011-09-28,892,1073
2011-09-29,899,1066
2011-09-30,876,1041
2011-10-03,851,1014
2011-10-04,870,1032
2011-10-05,886,1058
2011-10-06,902,1080
2011-10-07,896,1071
2011-10-10,926,1104
2011-10-11,927,1109
2011-10-12,935,1113
2011-10-13,933,1120
2011-10-14,949,1133
2011-10-17,931,1112
2011-10-18,949,1125
2011-10-19,938,1106
2011-10-20,942,1105
2011-10-21,960,1123
2011-10-24,972,1144
2011-10-25,953,1124
2011-10-26,962,1127
2011-10-27,996,1160
2011-10-28,996,1154
2011-10-31,972,1144
2011-11-01,945,1117
2011-11-02,960,1123
2011-11-03,978,1144
2011-11-04,972,1138
2011-11-07,978,1151
2011-11-08,990,1162
2011-11-09,954,1125
2011-11-10,963,1132
2011-11-11,981,1154
2011-11-14,971,1147
2011-11-15,976,1153
2011-11-16,961,1133
2011-11-17,946,1113
2011-11-18,945,1109
2011-11-21,927,1093
2011-11-22,923,1094
2011-11-23,903,1073
2011-11-25,901,1066
2011-11-28,927,1100
2011-11-29,930,1092
2011-11-30,968,1129
2011-12-01,968,1129
2011-12-02,967,1129
2011-12-05,977,1140
2011-12-06,978,1139
2011-12-07,981,1141
2011-12-08,960,1126
2011-12-09,976,1141
2011-12-12,962,1129
2011-12-13,953,1122
2011-12-14,943,1109
2011-12-15,946,1111
2011-12-16,947,1118
2011-12-19,937,1107
2011-12-20,966,1136
2011-12-21,968,1134
2011-12-22,976,1140
2011-12-23,985,1157
2011-12-27,986,1159
2011-12-28,973,1145
2011-12-29,983,1154
2011-12-30,978,1148
2012-01-03,994,1166
2012-01-04,995,1180
2012-01-05,998,1192
2012-01-06,995,1203
2012-01-09,998,1202
2012-01-10,1006,1209
2012-01-11,1007,1212
2012-01-12,1009,1217
2012-01-13,1004,1214
2012-01-17,1008,1224
2012-01-18,1019,1234
2012-01-19,1024,1239
2012-01-20,1028,1250
2012-01-23,1026,1249
2012-01-24,1024,1250
2012-01-25,1033,1256
2012-01-26,1028,1245
2012-01-27,1027,1243
2012-01-30,1024,1246
2012-01-31,1023,1248
2012-02-01,1032,1264
2012-02-02,1034,1263
2012-02-03,1048,1279
2012-02-06,1048,1275
2012-02-07,1050,1280
2012-02-08,1053,1286
2012-02-09,1055,1288
2012-02-10,1047,1281
2012-02-13,1055,1290
2012-02-14,1053,1292
2012-02-15,1049,1279
2012-02-16,1060,1304
2012-02-17,1063,1303
2012-02-21,1063,1307
2012-02-22,1060,1300
2012-02-23,1065,1304
2012-02-24,1067,1310
2012-02-27,1069,1307
2012-02-28,1072,1316
2012-02-29,1068,1309
2012-03-01,1073,1319
2012-03-02,1070,1312
2012-03-05,1066,1303
2012-03-06,1050,1290
2012-03-07,1057,1298
2012-03-08,1068,1316
2012-03-09,1072,1321
2012-03-12,1072,1321
2012-03-13,1091,1345
2012-03-14,1090,1356
2012-03-15,1097,1354
2012-03-16,1098,1351
2012-03-19,1102,1354
2012-03-20,1099,1354
2012-03-21,1097,1351
2012-03-22,1089,1351
2012-03-23,1093,1356
2012-03-26,1108,1380
2012-03-27,1105,1381
2012-03-28,1099,1376
2012-03-29,1097,1375
2012-03-30,1102,1376
2012-04-02,1110,1391
2012-04-03,1106,1402
2012-04-04,1095,1390
2012-04-05,1094,1405
2012-04-09,1082,1403
2012-04-10,1064,1371
2012-04-11,1072,1364
2012-04-12,1086,1386
2012-04-13,1073,1367
2012-04-16,1073,1340
2012-04-17,1088,1371
2012-04-18,1085,1379
2012-04-19,1078,1362
2012-04-20,1080,1361
2012-04-23,1071,1348
2012-04-24,1075,1328
2012-04-25,1089,1381
2012-04-26,1097,1389
2012-04-27,1099,1400
2012-04-30,1095,1391
2012-05-01,1101,1389
2012-05-02,1098,1393
2012-05-03,1090,1375
2012-05-04,1072,1346
2012-05-07,1073,1346
2012-05-08,1069,1329
2012-05-09,1062,1333
2012-05-10,1065,1313
2012-05-11,1061,1311
2012-05-14,1050,1291
2012-05-15,1044,1280
2012-05-16,1040,1274
2012-05-17,1024,1247
2012-05-18,1015,1232
2012-05-21,1033,1272
2012-05-22,1035,1269
2012-05-23,1035,1279
2012-05-24,1037,1274
2012-05-25,1034,1264
2012-05-29,1046,1282
2012-05-30,1031,1262
2012-05-31,1029,1250
2012-06-01,1003,1221
2012-06-04,1003,1228
2012-06-05,1010,1232
2012-06-06,1033,1267
2012-06-07,1033,1260
2012-06-08,1042,1274
2012-06-11,1028,1255
2012-06-12,1040,1269
2012-06-13,1034,1261
2012-06-14,1045,1264
2012-06-15,1055,1286
2012-06-18,1057,1305
2012-06-19,1068,1324
2012-06-20,1066,1318
2012-06-21,1042,1276
2012-06-22,1050,1290
2012-06-25,1033,1260
2012-06-26,1038,1267
2012-06-27,1048,1270
2012-06-28,1045,1257
2012-06-29,1071,1297
2012-07-02,1074,1307
2012-07-03,1081,1325
2012-07-05,1076,1324
2012-07-06,1066,1308
2012-07-09,1065,1302
2012-07-10,1055,1281
2012-07-11,1055,1270
2012-07-12,1050,1257
2012-07-13,1068,1274
2012-07-16,1065,1269
2012-07-17,1073,1279
2012-07-18,1081,1295
2012-07-19,1084,1317
2012-07-20,1074,1303
2012-07-23,1063,1287
2012-07-24,1054,1275
2012-07-25,1054,1244
2012-07-26,1071,1257
2012-07-27,1091,1309
2012-07-30,1091,1312
2012-07-31,1083,1300
2012-08-01,1082,1284
2012-08-02,1075,1284
2012-08-03,1096,1309
2012-08-06,1098,1318
2012-08-07,1104,1335
2012-08-08,1105,1271
2012-08-09,1106,1274
2012-08-10,1108,1275
2012-08-13,1107,1276
2012-08-14,1108,1273
2012-08-15,1109,1279
2012-08-16,1117,1299
2012-08-17,1119,1308
2012-08-20,1119,1312
2012-08-21,1115,1311
2012-08-22,1116,1320
2012-08-23,1107,1311
2012-08-24,1113,1314
2012-08-27,1113,1315
2012-08-28,1112,1316
2012-08-29,1113,1324
2012-08-30,1105,1311
2012-08-31,1110,1324
2012-09-04,1109,1318
2012-09-05,1109,1312
2012-09-06,1131,1341
2012-09-07,1135,1359
2012-09-10,1129,1340
2012-09-11,1132,1347
2012-09-12,1136,1353
2012-09-13,1153,1373
2012-09-14,1158,1390
2012-09-17,1154,1390
2012-09-18,1153,1390
2012-09-19,1154,1389
2012-09-20,1154,1381
2012-09-21,1154,1379
2012-09-24,1152,1367
2012-09-25,1140,1350
2012-09-26,1133,1337
2012-09-27,1144,1354
2012-09-28,1139,1337
2012-10-01,1142,1337
2012-10-02,1143,1333
2012-10-03,1148,1341
2012-10-04,1156,1354
2012-10-05,1156,1343
2012-10-08,1152,1337
2012-10-09,1140,1318
2012-10-10,1133,1305
2012-10-11,1134,1300
2012-10-12,1130,1296
2012-10-15,1140,1306
2012-10-16,1151,1316
2012-10-17,1156,1317
2012-10-18,1153,1303
2012-10-19,1134,1265
2012-10-22,1134,1271
2012-10-23,1118,1256
2012-10-24,1115,1247
2012-10-25,1119,1243
2012-10-26,1118,1258
2012-10-31,1118,1254
2012-11-01,1130,1282
2012-11-02,1120,1294
2012-11-05,1122,1301
2012-11-06,1131,1315
2012-11-07,1105,1281
2012-11-08,1092,1261
2012-11-09,1093,1262
2012-11-12,1094,1260
2012-11-13,1090,1248
2012-11-14,1075,1228
2012-11-15,1073,1222
2012-11-16,1079,1221
2012-11-19,1100,1255
2012-11-20,1101,1258
2012-11-21,1103,1264
2012-11-23,1118,1283
2012-11-26,1116,1287
2012-11-27,1110,1277
2012-11-28,1119,1293
2012-11-29,1124,1300
2012-11-30,1124,1293
2012-12-03,1119,1291
2012-12-04,1117,1284
2012-12-05,1119,1254
2012-12-06,1123,1256
2012-12-07,1126,1248
2012-12-10,1127,1234
2012-12-11,1134,1243
2012-12-12,1135,1243
2012-12-13,1128,1229
2012-12-14,1124,1222
2012-12-17,1137,1233
2012-12-18,1150,1263
2012-12-19,1141,1254
2012-12-20,1148,1255
2012-12-21,1137,1241
2012-12-24,1134,1236
2012-12-26,1129,1221
2012-12-27,1128,1227
2012-12-28,1115,1216
2012-12-31,1134,1242
2013-01-02,1163,1279
2013-01-03,1161,1278
2013-01-04,1166,1270
2013-01-07,1163,1274
2013-01-08,1159,1269
2013-01-09,1162,1267
2013-01-10,1171,1271
2013-01-11,1171,1273
2013-01-14,1171,1269
2013-01-15,1171,1266
2013-01-16,1171,1274
2013-01-17,1179,1278
2013-01-18,1181,1277
2013-01-22,1188,1285
2013-01-23,1190,1292
2013-01-24,1190,1273
2013-01-25,1197,1297
2013-01-28,1195,1291
2013-01-29,1200,1290
2013-01-30,1195,1287
2013-01-31,1192,1277
2013-02-01,1205,1286
2013-02-04,1191,1268
2013-02-05,1203,1286
2013-02-06,1204,1288
2013-02-07,1202,1289
2013-02-08,1209,1303
2013-02-11,1209,1303
2013-02-12,1211,1303
2013-02-13,1212,1306
2013-02-14,1213,1306
2013-02-15,1212,1299
2013-02-19,1221,1302
2013-02-20,1205,1275
2013-02-21,1198,1264
2013-02-22,1210,1272
2013-02-25,1187,1248
2013-02-26,1195,1258
2013-02-27,1210,1276
2013-02-28,1208,1270
2013-03-01,1212,1271
2013-03-04,1218,1279
2013-03-05,1229,1292
2013-03-06,1231,1291
2013-03-07,1233,1292
2013-03-08,1238,1296
2013-03-11,1243,1301
2013-03-12,1240,1298
2013-03-13,1242,1291
2013-03-14,1248,1296
2013-03-15,1247,1299
2013-03-18,1240,1298
2013-03-19,1237,1288
2013-03-20,1246,1295
2013-03-21,1235,1288
2013-03-22,1245,1304
2013-03-25,1240,1298
2013-03-26,1250,1301
2013-03-27,1250,1303
2013-03-28,1253,1299
2013-04-01,1248,1294
2013-04-02,1255,1300
2013-04-03,1242,1292
2013-04-04,1247,1296
2013-04-05,1241,1286
2013-04-08,1250,1293
2013-04-09,1254,1298
2013-04-10,1269,1325
2013-04-11,1274,1335
2013-04-12,1270,1339
2013-04-15,1241,1295
2013-04-16,1259,1310
2013-04-17,1241,1283
2013-04-18,1233,1260
2013-04-19,1244,1259
2013-04-22,1249,1270
2013-04-23,1262,1293
2013-04-24,1263,1295
2013-04-25,1268,1309
2013-04-26,1266,1307
2013-04-29,1274,1315
2013-04-30,1278,1320
2013-05-01,1266,1310
2013-05-02,1278,1332
2013-05-03,1291,1355
2013-05-06,1294,1364
2013-05-07,1301,1371
2013-05-08,1307,1384
2013-05-09,1303,1380
2013-05-10,1307,1397
2013-05-13,1308,1403
2013-05-14,1322,1411
2013-05-15,1329,1416
2013-05-16,1323,1410
2013-05-17,1336,1429
2013-05-20,1336,1451
2013-05-21,1337,1442
2013-05-22,1328,1418
2013-05-23,1324,1425
2013-05-24,1323,1423
2013-05-28,1330,1427
2013-05-29,1322,1419
2013-05-30,1327,1435
2013-05-31,1308,1424
2013-06-03,1315,1427
2013-06-04,1309,1421
2013-06-05,1290,1409
2013-06-06,1302,1417
2013-06-07,1318,1436
2013-06-10,1318,1437
2013-06-11,1305,1427
2013-06-12,1294,1416
2013-06-13,1314,1434
2013-06-14,1306,1426
2013-06-17,1316,1438
2013-06-18,1326,1452
2013-06-19,1308,1436
2013-06-20,1275,1410
2013-06-21,1279,1407
2013-06-24,1263,1385
2013-06-25,1275,1395
2013-06-26,1288,1404
2013-06-27,1296,1414
2013-06-28,1290,1412
2013-07-01,1298,1433
2013-07-02,1297,1433
2013-07-03,1297,1439
2013-07-05,1311,1452
2013-07-08,1319,1479
2013-07-09,1328,1495
2013-07-10,1329,1495
2013-07-11,1347,1520
2013-07-12,1347,1522
2013-07-15,1352,1522
2013-07-16,1347,1514
2013-07-17,1351,1516
2013-07-18,1358,1518
2013-07-19,1361,1513
2013-07-22,1363,1518
2013-07-23,1360,1506
2013-07-24,1355,1507
2013-07-25,1359,1513
2013-07-26,1360,1501
2013-07-29,1356,1495
2013-07-30,1356,1501
2013-07-31,1357,1492
2013-08-01,1373,1525
2013-08-02,1375,1531
2013-08-05,1373,1545
2013-08-06,1365,1546
2013-08-07,1361,1536
2013-08-08,1366,1545
2013-08-09,1362,1567
2013-08-12,1360,1568
2013-08-13,1364,1579
2013-08-14,1357,1565
2013-08-15,1338,1554
2013-08-16,1334,1554
2013-08-19,1325,1550
2013-08-20,1332,1553
2013-08-21,1324,1556
2013-08-22,1336,1574
2013-08-23,1340,1573
2013-08-26,1335,1569
2013-08-27,1314,1539
2013-08-28,1318,1541
2013-08-29,1320,1547
2013-08-30,1316,1542
2013-09-03,1322,1550
2013-09-04,1333,1569
2013-09-05,1335,1572
2013-09-06,1335,1573
2013-09-09,1348,1589
2013-09-10,1358,1599
2013-09-11,1362,1595
2013-09-12,1359,1586
2013-09-13,1362,1585
2013-09-16,1370,1590
2013-09-17,1376,1597
2013-09-18,1392,1625
2013-09-19,1389,1629
2013-09-20,1380,1619
2013-09-23,1373,1624
2013-09-24,1370,1633
2013-09-25,1366,1623
2013-09-26,1371,1636
2013-09-27,1365,1633
2013-09-30,1358,1625
2013-10-01,1369,1653
2013-10-02,1367,1676
2013-10-03,1355,1654
2013-10-04,1365,1670
2013-10-07,1353,1651
2013-10-08,1337,1609
2013-10-09,1338,1604
2013-10-10,1367,1639
2013-10-11,1376,1643
2013-10-14,1382,1655
2013-10-15,1372,1651
2013-10-16,1391,1672
2013-10-17,1400,1674
2013-10-18,1409,1692
2013-10-21,1409,1726
2013-10-22,1418,1719
2013-10-23,1411,1709
2013-10-24,1416,1724
2013-10-25,1422,1722
2013-10-28,1424,1715
2013-10-29,1432,1717
2013-10-30,1425,1718
2013-10-31,1421,1705
2013-11-01,1424,1707
2013-11-04,1429,1726
2013-11-05,1425,1736
2013-11-06,1432,1718
2013-11-07,1414,1681
2013-11-08,1433,1728
2013-11-11,1433,1743
2013-11-12,1430,1746
2013-11-13,1442,1771
2013-11-14,1449,1790
2013-11-15,1455,1793
2013-11-18,1450,1787
2013-11-19,1447,1778
2013-11-20,1442,1788
2013-11-21,1454,1802
2013-11-22,1461,1806
2013-11-25,1460,1808
2013-11-26,1460,1829
2013-11-27,1464,1844
2013-11-29,1463,1850
2013-12-02,1459,1843
2013-12-03,1453,1837
2013-12-04,1453,1840
2013-12-05,1446,1836
2013-12-06,1462,1847
2013-12-09,1466,1847
2013-12-10,1461,1854
2013-12-11,1444,1834
2013-12-12,1440,1832
2013-12-13,1439,1829
2013-12-16,1448,1842
2013-12-17,1444,1833
2013-12-18,1468,1857
2013-12-19,1467,1856
2013-12-20,1475,1866
2013-12-23,1483,1877
2013-12-24,1486,1874
2013-12-26,1494,1884
2013-12-27,1494,1866
2013-12-30,1494,1853
2013-12-31,1501,1864
2014-01-02,1486,1842
2014-01-03,1486,1831
2014-01-06,1482,1833
2014-01-07,1491,1858
2014-01-08,1491,1859
2014-01-09,1492,1849
2014-01-10,1496,1847
2014-01-13,1476,1831
2014-01-14,1492,1856
2014-01-15,1501,1879
2014-01-16,1499,1883
2014-01-17,1492,1870
2014-01-21,1497,1892
2014-01-22,1498,1897
2014-01-23,1485,1887
2014-01-24,1454,1841
2014-01-27,1446,1827
2014-01-28,1455,1821
2014-01-29,1441,1785
2014-01-30,1456,1809
2014-01-31,1448,1794
2014-02-03,1415,1755
2014-02-04,1425,1769
2014-02-05,1423,1765
2014-02-06,1442,1786
2014-02-07,1460,1837
2014-02-10,1463,1848
2014-02-11,1479,1862
2014-02-12,1479,1887
2014-02-13,1487,1915
2014-02-14,1495,1922
2014-02-18,1497,1943
2014-02-19,1487,1915
2014-02-20,1496,1924
2014-02-21,1494,1947
2014-02-24,1503,1952
2014-02-25,1502,1970
2014-02-26,1502,1975
2014-02-27,1510,1980
2014-02-28,1514,1975
2014-03-03,1503,1964
2014-03-04,1524,1996
2014-03-05,1526,1995
2014-03-06,1529,1989
2014-03-07,1530,1983
2014-03-10,1529,1973
2014-03-11,1521,1959
2014-03-12,1522,1962
2014-03-13,1505,1926
2014-03-14,1501,1902
2014-03-17,1514,1924
2014-03-18,1525,1942
2014-03-19,1517,1926
2014-03-20,1526,1935
2014-03-21,1520,1921
2014-03-24,1513,1891
2014-03-25,1521,1897
2014-03-26,1510,1867
2014-03-27,1506,1857
2014-03-28,1514,1871
2014-03-31,1526,1880
2014-04-01,1536,1941
2014-04-02,1542,1958
2014-04-03,1540,1929
2014-04-04,1521,1862
2014-04-07,1505,1843
2014-04-08,1511,1863
2014-04-09,1527,1915
2014-04-10,1495,1838
2014-04-11,1481,1807
2014-04-14,1493,1827
2014-04-15,1503,1834
2014-04-16,1519,1879
2014-04-17,1521,1875
2014-04-21,1527,1889
2014-04-22,1534,1901
2014-04-23,1530,1888
2014-04-24,1533,1887
2014-04-25,1520,1820
2014-04-28,1525,1803
2014-04-29,1532,1814
2014-04-30,1537,1822
2014-05-01,1537,1847
2014-05-02,1535,1848
2014-05-05,1538,1862
2014-05-06,1524,1835
2014-05-07,1533,1802
2014-05-08,1532,1781
2014-05-09,1534,1812
2014-05-12,1549,1849
2014-05-13,1550,1844
2014-05-14,1543,1824
2014-05-15,1530,1808
2014-05-16,1535,1814
2014-05-19,1540,1837
2014-05-20,1531,1817
2014-05-21,1544,1851
2014-05-22,1547,1852
2014-05-23,1554,1876
2014-05-27,1563,1938
2014-05-28,1562,1947
2014-05-29,1570,1971
2014-05-30,1573,1959
2014-06-02,1574,1961
2014-06-03,1574,1949
2014-06-04,1577,1934
2014-06-05,1587,1940
2014-06-06,1595,1935
2014-06-09,1596,1926
2014-06-10,1596,1917
2014-06-11,1591,1940
2014-06-12,1580,1911
2014-06-13,1584,1879
2014-06-16,1586,1891
2014-06-17,1590,1886
2014-06-18,1602,1911
2014-06-19,1604,1900
2014-06-20,1607,1897
2014-06-23,1606,1900
2014-06-24,1597,1891
2014-06-25,1604,1911
2014-06-26,1603,1899
2014-06-27,1606,1890
2014-06-30,1605,1888
2014-07-01,1616,1937
2014-07-02,1617,1930
2014-07-03,1625,1941
2014-07-07,1620,1944
2014-07-08,1609,1916
2014-07-09,1617,1931
2014-07-10,1610,1905
2014-07-11,1612,1907
2014-07-14,1620,1925
2014-07-15,1617,1928
2014-07-16,1623,1920
2014-07-17,1605,1890
2014-07-18,1621,1911
2014-07-21,1618,1911
2014-07-22,1625,1933
2014-07-23,1629,1941
2014-07-24,1629,1938
2014-07-25,1621,1923
2014-07-28,1622,1936
2014-07-29,1615,1939
2014-07-30,1615,1949
2014-07-31,1583,1921
2014-08-01,1579,1923
2014-08-04,1590,1982
2014-08-05,1575,1958
2014-08-06,1575,1960
2014-08-07,1567,1955
2014-08-08,1585,1965
2014-08-11,1589,1990
2014-08-12,1587,1974
2014-08-13,1598,1975
2014-08-14,1605,1972
2014-08-15,1605,1955
2014-08-18,1619,1967
2014-08-19,1627,1973
2014-08-20,1631,1977
2014-08-21,1636,1969
2014-08-22,1634,1980
2014-08-25,1642,1981
2014-08-26,1643,1985
2014-08-27,1642,1970
2014-08-28,1641,1960
2014-08-29,1646,1954
2014-09-02,1645,1963
2014-09-03,1644,1946
2014-09-04,1642,1934
2014-09-05,1649,1913
2014-09-08,1645,1914
2014-09-09,1635,1891
2014-09-10,1641,1902
2014-09-11,1643,1889
2014-09-12,1633,1871
2014-09-15,1632,1856
2014-09-16,1644,1880
2014-09-17,1646,1880
2014-09-18,1655,1908
2014-09-19,1654,1893
2014-09-22,1641,1868
2014-09-23,1631,1863
2014-09-24,1644,1892
2014-09-25,1618,1860
2014-09-26,1631,1874
2014-09-29,1628,1859
2014-09-30,1623,1853
2014-10-01,1601,1824
2014-10-02,1602,1827
2014-10-03,1619,1838
2014-10-06,1617,1815
2014-10-07,1592,1796
2014-10-08,1620,1827
2014-10-09,1588,1790
2014-10-10,1570,1748
2014-10-13,1544,1715
2014-10-14,1546,1727
2014-10-15,1536,1731
2014-10-16,1535,1743
2014-10-17,1553,1754
2014-10-20,1568,1786
2014-10-21,1599,1836
2014-10-22,1588,1808
2014-10-23,1606,1833
2014-10-24,1618,1845
2014-10-27,1616,1842
2014-10-28,1635,1872
2014-10-29,1632,1863
2014-10-30,1643,1885
2014-10-31,1662,1951
2014-11-03,1662,1947
2014-11-04,1657,1851
2014-11-05,1667,1853
2014-11-06,1674,1863
2014-11-07,1675,1854
2014-11-10,1681,1883
2014-11-11,1682,1929
2014-11-12,1680,1928
2014-11-13,1682,1935
2014-11-14,1683,1936
2014-11-17,1684,1930
2014-11-18,1694,1935
2014-11-19,1691,1925
2014-11-20,1694,1929
2014-11-21,1703,1930
2014-11-24,1708,1943
2014-11-25,1706,1961
2014-11-26,1711,1951
2014-11-28,1707,1950
2014-12-01,1695,1939
2014-12-02,1706,1929
2014-12-03,1713,1925
2014-12-04,1711,1932
2014-12-05,1714,1929
2014-12-08,1702,1922
2014-12-09,1701,1922
2014-12-10,1674,1888
2014-12-11,1682,1893
2014-12-12,1655,1870
2014-12-15,1644,1849
2014-12-16,1631,1810
2014-12-17,1663,1852
2014-12-18,1704,1900
2014-12-19,1711,1906
2014-12-22,1719,1951
2014-12-23,1721,1952
2014-12-24,1721,1955
2014-12-26,1727,1962
2014-12-29,1729,1967
2014-12-30,1720,1952
2014-12-31,1703,1937
2015-01-02,1702,1938
2015-01-05,1671,1882
2015-01-06,1655,1861
2015-01-07,1676,1867
2015-01-08,1706,1897
2015-01-09,1692,1855
2015-01-12,1679,1836
2015-01-13,1674,1832
2015-01-14,1664,1826
2015-01-15,1649,1778
2015-01-16,1670,1799
2015-01-20,1674,1815
2015-01-21,1682,1839
2015-01-22,1707,1856
2015-01-23,1698,1841
2015-01-26,1702,1842
2015-01-27,1680,1809
2015-01-28,1658,1791
2015-01-29,1673,1814
2015-01-30,1652,1796
2015-02-02,1673,1807
2015-02-03,1697,1844
2015-02-04,1691,1839
2015-02-05,1708,1863
2015-02-06,1703,1836
2015-02-09,1695,1842
2015-02-10,1713,1873
2015-02-11,1714,1880
2015-02-12,1731,1918
2015-02-13,1738,1930
2015-02-17,1741,1949
2015-02-18,1741,1948
2015-02-19,1740,2040
2015-02-20,1750,2050
2015-02-23,1750,2046
2015-02-24,1755,2054
2015-02-25,1753,2088
2015-02-26,1751,2074
2015-02-27,1745,2072
2015-03-02,1756,2094
2015-03-03,1749,2077
2015-03-04,1742,2061
2015-03-05,1744,2073
2015-03-06,1719,2043
2015-03-09,1726,2050
2015-03-10,1698,2009
2015-03-11,1694,1993
2015-03-12,1716,2016
2015-03-13,1705,1984
2015-03-16,1728,1999
2015-03-17,1723,1990
2015-03-18,1744,2027
2015-03-19,1736,2021
2015-03-20,1751,2030
2015-03-23,1748,2031
2015-03-24,1738,2020
2015-03-25,1712,1988
2015-03-26,1708,1980
2015-03-27,1712,1982
2015-03-30,1733,2005
2015-03-31,1718,2012
2015-04-01,1712,1995
2015-04-02,1718,2009
2015-04-06,1729,2036
2015-04-07,1725,2034
2015-04-08,1731,2048
2015-04-09,1738,2046
2015-04-10,1748,2051
2015-04-13,1740,2056
2015-04-14,1743,2061
2015-04-15,1751,2060
2015-04-16,1751,2064
2015-04-17,1730,2035
2015-04-20,1746,2041
2015-04-21,1744,2052
2015-04-22,1753,2070
2015-04-23,1757,2088
2015-04-24,1761,2094
2015-04-27,1754,2104
2015-04-28,1760,2099
2015-04-29,1752,2094
2015-04-30,1735,2074
2015-05-01,1754,2110
2015-05-04,1759,2120
2015-05-05,1738,2105
2015-05-06,1731,2101
2015-05-07,1738,2060
2015-05-08,1761,2067
2015-05-11,1753,2049
2015-05-12,1747,2052
2015-05-13,1748,2047
2015-05-14,1766,2066
2015-05-15,1768,2077
2015-05-18,1773,2102
2015-05-19,1773,2099
2015-05-20,1772,2091
2015-05-21,1777,2099
2015-05-22,1772,2098
2015-05-26,1753,2073
2015-05-27,1770,2079
2015-05-28,1768,2075
2015-05-29,1757,2060
2015-06-01,1761,2066
2015-06-02,1759,2091
2015-06-03,1764,2091
2015-06-04,1749,2074
2015-06-05,1746,2070
2015-06-08,1734,2052
2015-06-09,1735,2053
2015-06-10,1756,2083
2015-06-11,1761,2087
2015-06-12,1747,2072
2015-06-15,1740,2092
2015-06-16,1750,2100
2015-06-17,1752,2092
2015-06-18,1770,2114
2015-06-19,1763,2094
2015-06-22,1772,2104
2015-06-23,1773,2113
2015-06-24,1760,2111
2015-06-25,1755,2104
2015-06-26,1755,2095
2015-06-29,1718,2037
2015-06-30,1722,2076
2015-07-01,1736,2078
2015-07-02,1734,2068
2015-07-06,1728,2064
2015-07-07,1739,2063
2015-07-08,1710,2017
2015-07-09,1713,2036
2015-07-10,1735,2060
2015-07-13,1754,2092
2015-07-14,1762,2100
2015-07-15,1761,2094
2015-07-16,1775,2111
2015-07-17,1777,2134
2015-07-20,1778,2163
2015-07-21,1771,2147
2015-07-22,1767,2145
2015-07-23,1757,2143
2015-07-24,1739,2090
2015-07-27,1729,2072
2015-07-28,1750,2102
2015-07-29,1762,2123
2015-07-30,1763,2128
2015-07-31,1760,2148
2015-08-03,1754,2144
2015-08-04,1750,2183
2015-08-05,1757,2251
2015-08-06,1742,2240
2015-08-07,1739,2207
2015-08-10,1761,2226
2015-08-11,1745,2204
2015-08-12,1747,2191
2015-08-13,1745,2182
2015-08-14,1751,2183
2015-08-17,1761,2210
2015-08-18,1755,2207
2015-08-19,1742,2199
2015-08-20,1706,2144
2015-08-21,1653,2070
2015-08-24,1585,1994
2015-08-25,1566,1996
2015-08-26,1628,2078
2015-08-27,1665,2121
2015-08-28,1666,2127
2015-08-31,1652,2113
2015-09-01,1604,2059
2015-09-02,1634,2101
2015-09-03,1636,2101
2015-09-04,1610,2094
2015-09-08,1651,2145
2015-09-09,1629,2130
2015-09-10,1638,2145
2015-09-11,1645,2158
2015-09-14,1639,2150
2015-09-15,1659,2189
2015-09-16,1674,2201
2015-09-17,1670,2199
2015-09-18,1642,2159
2015-09-21,1651,2169
2015-09-22,1630,2146
2015-09-23,1627,2135
2015-09-24,1622,2129
2015-09-25,1621,2095
2015-09-28,1579,2014
2015-09-29,1581,2018
2015-09-30,1610,2069
2015-10-01,1615,2078
2015-10-02,1639,2106
2015-10-05,1668,2127
2015-10-06,1663,2118
2015-10-07,1676,2143
2015-10-08,1691,2157
2015-10-09,1692,2170
2015-10-12,1694,2200
2015-10-13,1683,2190
2015-10-14,1675,2154
2015-10-15,1701,2180
2015-10-16,1709,2194
2015-10-19,1709,2232
2015-10-20,1707,2226
2015-10-21,1697,2206
2015-10-22,1725,2209
2015-10-23,1744,2228
2015-10-26,1740,2273
2015-10-27,1736,2268
2015-10-28,1756,2272
2015-10-29,1756,2293
2015-10-30,1748,2315
2015-11-02,1768,2333
2015-11-03,1774,2332
2015-11-04,1768,2332
2015-11-05,1766,2328
2015-11-06,1766,2318
2015-11-09,1749,2188
2015-11-10,1753,2203
2015-11-11,1746,2195
2015-11-12,1722,2165
2015-11-13,1702,2131
2015-11-16,1728,2120
2015-11-17,1727,2117
2015-11-18,1755,2151
2015-11-19,1753,2141
2015-11-20,1759,2151
2015-11-23,1757,2137
2015-11-24,1760,2119
2015-11-25,1759,2128
2015-11-27,1761,2133
2015-11-30,1754,2129
2015-12-01,1771,2167
2015-12-02,1753,2153
2015-12-03,1728,2165
2015-12-04,1762,2204
2015-12-07,1751,2197
2015-12-08,1740,2198
2015-12-09,1726,2183
2015-12-10,1730,2199
2015-12-11,1697,2162
2015-12-14,1705,2178
2015-12-15,1723,2209
2015-12-16,1749,2231
2015-12-17,1722,2200
2015-12-18,1691,2165
2015-12-21,1705,2163
2015-12-22,1721,2173
2015-12-23,1742,2181
2015-12-24,1739,2174
2015-12-28,1735,2171
2015-12-29,1754,2210
2015-12-30,1741,2190
2015-12-31,1724,2168
2016-01-04,1700,2126
2016-01-05,1703,2095
2016-01-06,1681,2071
2016-01-07,1641,2025
2016-01-08,1623,1982
2016-01-11,1624,1977
2016-01-12,1638,2003
2016-01-13,1597,1929
2016-01-14,1623,1964
2016-01-15,1588,1917
2016-01-19,1590,1924
2016-01-20,1570,1909
2016-01-21,1579,1915
2016-01-22,1611,1956
2016-01-25,1587,1929
2016-01-26,1608,1950
2016-01-27,1591,1871
2016-01-28,1599,1865
2016-01-29,1638,1900
2016-02-01,1637,1924
2016-02-02,1608,1897
2016-02-03,1618,1890
2016-02-04,1620,1911
2016-02-05,1589,1841
2016-02-08,1568,1781
2016-02-09,1568,1809
2016-02-10,1567,1854
2016-02-11,1546,1869
2016-02-12,1578,1891
2016-02-16,1605,1959
2016-02-17,1631,2080
2016-02-18,1624,2092
2016-02-19,1623,2116
2016-02-22,1647,2136
2016-02-23,1626,2106
2016-02-24,1634,2115
2016-02-25,1653,2126
2016-02-26,1650,2116
2016-02-29,1637,2115
2016-03-01,1675,2164
2016-03-02,1683,2171
2016-03-03,1689,2172
2016-03-04,1695,2164
2016-03-07,1696,2165
2016-03-08,1678,2148
2016-03-09,1686,2156
2016-03-10,1687,2163
2016-03-11,1714,2210
2016-03-14,1712,2210
2016-03-15,1709,2209
2016-03-16,1719,2226
2016-03-17,1730,2216
2016-03-18,1737,2223
2016-03-21,1740,2232
2016-03-22,1739,2207
2016-03-23,1727,2184
2016-03-24,1726,2184
2016-03-28,1727,2173
2016-03-29,1743,2199
2016-03-30,1751,2209
2016-03-31,1747,2182
2016-04-01,1759,2201
2016-04-04,1753,2207
2016-04-05,1735,2188
2016-04-06,1754,2215
2016-04-07,1733,2173
2016-04-08,1738,2171
2016-04-11,1734,2168
2016-04-12,1750,2205
2016-04-13,1768,2235
2016-04-14,1768,2243
2016-04-15,1766,2218
2016-04-18,1778,2208
2016-04-19,1784,2199
2016-04-20,1786,2203
2016-04-21,1776,2191
2016-04-22,1776,2189
2016-04-25,1773,2181
2016-04-26,1776,2172
2016-04-27,1779,2112
2016-04-28,1763,2058
2016-04-29,1754,2046
2016-05-02,1768,2053
2016-05-03,1752,2065
2016-05-04,1742,2000
2016-05-05,1742,1983
2016-05-06,1748,1979
2016-05-09,1750,1982
2016-05-10,1772,2003
2016-05-11,1755,1983
2016-05-12,1756,1963
2016-05-13,1740,1961
2016-05-16,1757,2005
2016-05-17,1741,1995
2016-05-18,1742,2001
2016-05-19,1736,1987
2016-05-20,1747,2001
2016-05-23,1744,2006
2016-05-24,1767,2045
2016-05-25,1779,2076
2016-05-26,1779,2084
2016-05-27,1787,2087
2016-05-31,1783,2081
2016-06-01,1787,2072
2016-06-02,1793,2073
2016-06-03,1787,2079
2016-06-06,1796,2110
2016-06-07,1799,2107
2016-06-08,1805,2106
2016-06-09,1803,2103
2016-06-10,1785,2079
2016-06-13,1772,2058
2016-06-14,1768,2052
2016-06-15,1766,2048
2016-06-16,1771,2063
2016-06-17,1764,2031
2016-06-20,1776,2045
2016-06-21,1781,2052
2016-06-22,1778,2057
2016-06-23,1801,2083
2016-06-24,1736,1969
2016-06-27,1705,1922
2016-06-28,1736,1957
2016-06-29,1766,1990
2016-06-30,1790,2010
2016-07-01,1793,2024
2016-07-05,1781,2014
2016-07-06,1791,2033
2016-07-07,1790,2039
2016-07-08,1817,2070
2016-07-11,1823,2083
2016-07-12,1836,2087
2016-07-13,1836,2077
2016-07-14,1846,2102
2016-07-15,1844,2099
2016-07-18,1849,2118
2016-07-19,1847,2108
2016-07-20,1855,2126
2016-07-21,1848,2121
2016-07-22,1856,2116
2016-07-25,1851,2099
2016-07-26,1852,2090
2016-07-27,1850,2156
2016-07-28,1852,2172
2016-07-29,1855,2178
2016-08-01,1853,2204
2016-08-02,1842,2188
2016-08-03,1847,2212
2016-08-04,1849,2208
2016-08-05,1864,2254
2016-08-08,1863,2257
2016-08-09,1864,2261
2016-08-10,1859,2250
2016-08-11,1868,2253
2016-08-12,1866,2260
2016-08-15,1872,2271
2016-08-16,1862,2270
2016-08-17,1866,2278
2016-08-18,1870,2285
2016-08-19,1867,2286
2016-08-22,1867,2274
2016-08-23,1871,2278
2016-08-24,1861,2264
2016-08-25,1860,2260
2016-08-26,1856,2254
2016-08-29,1866,2255
2016-08-30,1862,2242
2016-08-31,1857,2242
2016-09-01,1857,2249
2016-09-02,1866,2265
2016-09-06,1871,2271
2016-09-07,1871,2283
2016-09-08,1867,2252
2016-09-09,1822,2202
2016-09-12,1848,2243
2016-09-13,1822,2255
2016-09-14,1821,2301
2016-09-15,1839,2361
2016-09-16,1832,2357
2016-09-19,1832,2337
2016-09-20,1833,2341
2016-09-21,1853,2353
2016-09-22,1865,2367
2016-09-23,1855,2340
2016-09-26,1840,2334
2016-09-27,1851,2343
2016-09-28,1860,2351
2016-09-29,1843,2335
2016-09-30,1857,2349
2016-10-03,1853,2347
2016-10-04,1843,2352
2016-10-05,1852,2356
2016-10-06,1853,2360
2016-10-07,1846,2355
2016-10-10,1856,2375
2016-10-11,1833,2362
2016-10-12,1835,2367
2016-10-13,1829,2357
2016-10-14,1830,2361
2016-10-17,1824,2357
2016-10-18,1835,2370
2016-10-19,1840,2374
2016-10-20,1836,2376
2016-10-21,1837,2367
2016-10-24,1845,2381
2016-10-25,1839,2385
2016-10-26,1835,2356
2016-10-27,1830,2337
2016-10-28,1825,2332
2016-10-31,1825,2327
2016-11-01,1812,2299
2016-11-02,1801,2287
2016-11-03,1793,2261
2016-11-04,1791,2248
2016-11-07,1830,2306
2016-11-08,1838,2361
2016-11-09,1858,2374
2016-11-10,1863,2335
2016-11-14,1860,2279
2016-11-15,1874,2301
2016-11-16,1871,2334
2016-11-17,1880,2341
2016-11-18,1876,2337
2016-11-21,1890,2365
2016-11-22,1894,2373
2016-11-23,1895,2357
2016-11-25,1902,2372
2016-11-28,1893,2366
2016-11-29,1897,2364
2016-11-30,1892,2337
2016-12-01,1885,2312
2016-12-02,1886,2314
2016-12-05,1898,2318
2016-12-06,1904,2332
2016-12-07,1929,2355
2016-12-08,1933,2379
2016-12-09,1945,2401
2016-12-12,1943,2381
2016-12-13,1956,2407
2016-12-14,1940,2399
2016-12-15,1948,2394
2016-12-16,1944,2388
2016-12-19,1948,2395
2016-12-20,1955,2408
2016-12-21,1950,2409
2016-12-22,1947,2389
2016-12-23,1949,2397
2016-12-27,1954,2411
2016-12-28,1938,2394
2016-12-29,1938,2391
2016-12-30,1931,2371
2017-01-03,1945,2388
2017-01-04,1957,2397
2017-01-05,1955,2412
2017-01-06,1962,2434
2017-01-09,1956,2452
2017-01-10,1956,2455
2017-01-11,1962,2459
2017-01-12,1957,2456
2017-01-13,1961,2457
2017-01-17,1954,2480
2017-01-18,1958,2480
2017-01-19,1951,2474
2017-01-20,1958,2480
2017-01-23,1953,2483
2017-01-24,1966,2486
2017-01-25,1983,2519
2017-01-26,1981,2520
2017-01-27,1978,2530
2017-01-30,1965,2524
2017-01-31,1965,2510
2017-02-01,1966,2593
2017-02-02,1967,2592
2017-02-03,1981,2605
2017-02-06,1977,2618
2017-02-07,1977,2638
2017-02-08,1980,2642
2017-02-09,1992,2653
2017-02-10,2000,2667
2017-02-13,2010,2682
2017-02-14,2019,2700
2017-02-15,2029,2717
2017-02-16,2027,2713
2017-02-17,2031,2711
2017-02-21,2043,2727
2017-02-22,2041,2734
2017-02-23,2042,2720
2017-02-24,2045,2728
2017-02-27,2048,2736
2017-02-28,2042,2778
2017-03-01,2071,2819
2017-03-02,2058,2810
2017-03-03,2059,2822
2017-03-06,2053,2814
2017-03-07,2047,2815
2017-03-08,2043,2814
2017-03-09,2046,2812
2017-03-10,2053,2820
2017-03-13,2054,2828
2017-03-14,2046,2826
2017-03-15,2064,2845
2017-03-16,2060,2843
2017-03-17,2056,2834
2017-03-20,2054,2845
2017-03-21,2028,2815
2017-03-22,2032,2837
2017-03-23,2030,2828
2017-03-24,2029,2829
2017-03-27,2027,2841
2017-03-28,2041,2882
2017-03-29,2043,2881
2017-03-30,2050,2882
2017-03-31,2045,2876
2017-04-03,2041,2861
2017-04-04,2043,2862
2017-04-05,2037,2818
2017-04-06,2042,2831
2017-04-07,2040,2817
2017-04-10,2042,2818
2017-04-11,2039,2809
2017-04-12,2030,2791
2017-04-13,2017,2786
2017-04-17,2035,2807
2017-04-18,2029,2793
2017-04-19,2025,2800
2017-04-20,2042,2813
2017-04-21,2035,2813
2017-04-24,2057,2850
2017-04-25,2069,2907
2017-04-26,2068,2867
2017-04-27,2070,2840
2017-04-28,2065,2788
2017-05-01,2070,2769
2017-05-02,2071,2785
2017-05-03,2069,2769
2017-05-04,2071,2749
2017-05-05,2079,2744
2017-05-08,2079,2701
2017-05-09,2077,2722
2017-05-10,2081,2709
2017-05-11,2077,2679
2017-05-12,2073,2670
2017-05-15,2085,2707
2017-05-16,2083,2706
2017-05-17,2046,2633
2017-05-18,2054,2641
2017-05-19,2067,2643
2017-05-22,2078,2642
2017-05-23,2082,2633
2017-05-24,2087,2667
2017-05-25,2097,2666
2017-05-26,2097,2656
2017-05-30,2095,2630
2017-05-31,2094,2635
2017-06-01,2111,2668
2017-06-02,2118,2689
2017-06-05,2117,2690
2017-06-06,2110,2681
2017-06-07,2114,2676
2017-06-08,2115,2683
2017-06-09,2112,2717
2017-06-12,2111,2724
2017-06-13,2121,2732
2017-06-14,2119,2675
2017-06-15,2115,2673
2017-06-16,2115,2661
2017-06-19,2133,2717
2017-06-20,2118,2724
2017-06-21,2118,2784
2017-06-22,2117,2799
2017-06-23,2119,2793
2017-06-26,2121,2796
2017-06-27,2104,2770
2017-06-28,2123,2805
2017-06-29,2104,2785
2017-06-30,2108,2790
2017-07-03,2111,2807
2017-07-05,2116,2821
2017-07-06,2097,2782
2017-07-07,2110,2810
2017-07-10,2113,2805
2017-07-11,2111,2794
2017-07-12,2127,2833
2017-07-13,2131,2848
2017-07-14,2141,2860
2017-07-17,2140,2870
2017-07-18,2141,2861
2017-07-19,2153,2873
2017-07-20,2154,2866
2017-07-21,2152,2870
2017-07-24,2152,2875
2017-07-25,2157,2875
2017-07-26,2157,2940
2017-07-27,2155,2889
2017-07-28,2152,2910
2017-07-31,2151,2921
2017-08-01,2156,2926
2017-08-02,2157,2900
2017-08-03,2153,2894
2017-08-04,2157,2908
2017-08-07,2161,2927
2017-08-08,2155,2921
2017-08-09,2155,2918
2017-08-10,2125,2852
2017-08-11,2128,2867
2017-08-14,2149,2895
2017-08-15,2149,2895
2017-08-16,2153,2930
2017-08-17,2119,2854
2017-08-18,2116,2845
2017-08-21,2117,2858
2017-08-22,2140,2885
2017-08-23,2132,2862
2017-08-24,2127,2875
2017-08-25,2132,2889
2017-08-28,2132,2924
2017-08-29,2134,2923
2017-08-30,2144,2979
2017-08-31,2157,3047
2017-09-01,2160,3070
2017-09-05,2145,3030
2017-09-06,2152,3058
2017-09-07,2152,3092
2017-09-08,2149,3107
2017-09-11,2172,3139
2017-09-12,2180,3170
2017-09-13,2181,3137
2017-09-14,2180,3141
2017-09-15,2183,3130
2017-09-18,2188,3109
2017-09-19,2190,3118
2017-09-20,2191,3110
2017-09-21,2185,3086
2017-09-22,2185,3120
2017-09-25,2181,3121
2017-09-26,2182,3137
2017-09-27,2191,3135
2017-09-28,2193,3122
2017-09-29,2201,3133
2017-10-02,2210,3166
2017-10-03,2215,3170
2017-10-04,2218,3151
2017-10-05,2231,3218
2017-10-06,2228,3216
2017-10-09,2225,3221
2017-10-10,2231,3237
2017-10-11,2234,3233
2017-10-12,2231,3230
2017-10-13,2233,3257
2017-10-16,2236,3245
2017-10-17,2238,3295
2017-10-18,2240,3298
2017-10-19,2241,3284
2017-10-20,2252,3267
2017-10-23,2244,3211
2017-10-24,2248,3172
2017-10-25,2236,3135
2017-10-26,2239,3111
2017-10-27,2258,3096
2017-10-30,2249,3192
2017-10-31,2253,3150
2017-11-01,2256,3170
2017-11-02,2257,3134
2017-11-03,2264,3176
2017-11-06,2268,3204
2017-11-07,2266,3181
2017-11-08,2270,3176
2017-11-09,2262,3150
2017-11-10,2261,3154
2017-11-13,2263,3176
2017-11-14,2258,3146
2017-11-15,2246,3140
2017-11-16,2266,3177
2017-11-17,2259,3187
2017-11-20,2263,3168
2017-11-21,2278,3168
2017-11-22,2276,3168
2017-11-24,2281,3174
2017-11-27,2280,3190
2017-11-28,2303,3238
2017-11-29,2301,3256
2017-11-30,2322,3270
2017-12-01,2317,3242
2017-12-04,2314,3230
2017-12-05,2306,3251
2017-12-06,2306,3227
2017-12-07,2313,3273
2017-12-08,2326,3317
2017-12-11,2333,3332
2017-12-12,2337,3330
2017-12-13,2337,3343
2017-12-14,2327,3286
2017-12-15,2347,3322
2017-12-18,2362,3356
2017-12-19,2352,3354
2017-12-20,2351,3399
2017-12-21,2356,3343
2017-12-22,2355,3325
2017-12-26,2353,3331
2017-12-27,2354,3342
2017-12-28,2359,3354
2017-12-29,2350,3332
2018-01-02,2367,3437
2018-01-03,2382,3468
2018-01-04,2392,3476
2018-01-05,2407,3506
2018-01-08,2412,3439
2018-01-09,2417,3476
2018-01-10,2414,3484
2018-01-11,2431,3505
2018-01-12,2447,3527
2018-01-16,2439,3516
2018-01-17,2462,3558
2018-01-18,2458,3554
2018-01-19,2469,3576
2018-01-22,2489,3599
2018-01-23,2494,3594
2018-01-24,2493,3577
2018-01-25,2494,3616
2018-01-26,2523,3706
2018-01-29,2507,3652
2018-01-30,2481,3602
2018-01-31,2482,3594
2018-02-01,2479,3565
2018-02-02,2425,3497
2018-02-05,2324,3362
2018-02-06,2370,3445
2018-02-07,2357,3393
2018-02-08,2268,3248
2018-02-09,2303,3295
2018-02-12,2336,3328
2018-02-13,2342,3340
2018-02-14,2374,3266
2018-02-15,2404,3273
2018-02-16,2405,3220
2018-02-20,2390,3191
2018-02-21,2378,3187
2018-02-22,2381,3193
2018-02-23,2419,3254
2018-02-26,2447,3241
2018-02-27,2416,3222
2018-02-28,2392,3199
2018-03-01,2357,3158
2018-03-02,2369,3177
2018-03-05,2397,3198
2018-03-06,2403,3206
2018-03-07,2402,3197
2018-03-08,2413,3192
2018-03-09,2455,3237
2018-03-12,2452,3195
2018-03-13,2437,3212
2018-03-14,2424,3199
2018-03-15,2421,3192
2018-03-16,2424,3202
2018-03-19,2391,3143
2018-03-20,2395,3161
2018-03-21,2391,3179
2018-03-22,2331,3092
2018-03-23,2281,3003
2018-03-26,2344,3066
2018-03-27,2304,3036
2018-03-28,2297,3056
2018-03-29,2326,3103
2018-04-02,2276,3018
2018-04-03,2305,3049
2018-04-04,2330,3079
2018-04-05,2348,3074
2018-04-06,2296,2990
2018-04-09,2307,2985
2018-04-10,2344,3049
2018-04-11,2332,3032
2018-04-12,2351,3075
2018-04-13,2344,3070
2018-04-16,2363,3098
2018-04-17,2389,3126
2018-04-18,2390,3155
2018-04-19,2377,3128
2018-04-20,2357,3114
2018-04-23,2357,3113
2018-04-24,2325,3077
2018-04-25,2331,3101
2018-04-26,2354,3139
2018-04-27,2356,3159
2018-04-30,2338,3140
2018-05-01,2343,3136
2018-05-02,2327,3128
2018-05-03,2322,3101
2018-05-04,2352,3144
2018-05-07,2360,3133
2018-05-08,2360,3137
2018-05-09,2382,3178
2018-05-10,2405,3203
2018-05-11,2412,3236
2018-05-14,2413,3225
2018-05-15,2397,3203
2018-05-16,2407,3256
2018-05-17,2405,3258
2018-05-18,2399,3234
2018-05-21,2417,3241
2018-05-22,2410,3228
2018-05-23,2417,3235
2018-05-24,2412,3252
2018-05-25,2406,3240
2018-05-29,2378,3213
2018-05-30,2410,3259
2018-05-31,2395,3233
2018-06-01,2419,3264
2018-06-04,2430,3293
2018-06-05,2432,3299
2018-06-06,2452,3336
2018-06-07,2452,3337
2018-06-08,2459,3329
2018-06-11,2463,3332
2018-06-12,2466,3329
2018-06-13,2458,3316
2018-06-14,2464,3304
2018-06-15,2461,3315
2018-06-18,2456,3261
2018-06-19,2446,3242
2018-06-20,2451,3265
2018-06-21,2435,3261
2018-06-22,2440,3254
2018-06-25,2406,3192
2018-06-26,2412,3188
2018-06-27,2392,3162
2018-06-28,2406,3176
2018-06-29,2409,3180
2018-07-02,2414,3191
2018-07-03,2406,3180
2018-07-05,2425,3213
2018-07-06,2446,3403
2018-07-09,2468,3432
2018-07-10,2477,3407
2018-07-11,2459,3362
2018-07-12,2481,3380
2018-07-13,2483,3399
2018-07-16,2481,3402
2018-07-17,2491,3426
2018-07-18,2496,3456